variant_id,posture_case,actuator_profile,contact_none_rate,contact_persistence,contact_x_progression_score,heel_region_contact_ratio,center_region_contact_ratio,toe_region_contact_ratio,rollover_path_score,bridge_like_pattern_detected,fall_or_large_tilt,result_label,source,valid_for,method
stl_fitted_box,neutral_stance,peak_upper_bound,0.86,0.14,0.019911822400316723,0.5842895403024657,0.0,0.4157104596975342,0.17281518630193524,True,False,bridge_like_pattern,stl_derived_prototype,contact_diagnostic_only,stl_derived_collision_contact_probe
stl_fitted_box,ankle_toe_down_bias,peak_upper_bound,0.79,0.20999999999999996,0.08157303252004315,0.0,0.0,1.0,1.0,False,False,insufficient_contact_persistence,stl_derived_prototype,contact_diagnostic_only,stl_derived_collision_contact_probe
stl_fitted_box,mild_forward_lean,peak_upper_bound,0.83,0.17000000000000004,0.038894938591664235,0.3019849531636716,0.0,0.6980150468363284,0.48722500560992177,True,False,bridge_like_pattern,stl_derived_prototype,contact_diagnostic_only,stl_derived_collision_contact_probe
stl_fitted_box,medium_forward_base_pitch,peak_upper_bound,0.84,0.16000000000000003,0.03417170628162796,0.3835380151362877,0.0,0.6164619848637124,0.3800253787821079,True,False,bridge_like_pattern,stl_derived_prototype,contact_diagnostic_only,stl_derived_collision_contact_probe
stl_fitted_box,neutral_stance,ankle_boost_hypothesis,0.86,0.14,0.019911822400316723,0.5842895403024657,0.0,0.4157104596975342,0.17281518630193524,True,False,bridge_like_pattern,stl_derived_prototype,contact_diagnostic_only,stl_derived_collision_contact_probe
stl_fitted_box,ankle_toe_down_bias,ankle_boost_hypothesis,0.79,0.20999999999999996,0.08139034520462833,0.0,0.0,1.0,1.0,False,False,insufficient_contact_persistence,stl_derived_prototype,contact_diagnostic_only,stl_derived_collision_contact_probe
stl_fitted_box,mild_forward_lean,ankle_boost_hypothesis,0.83,0.17000000000000004,0.03886156633449039,0.2233418171672734,0.0,0.7766581828327266,0.603197932961033,True,False,bridge_like_pattern,stl_derived_prototype,contact_diagnostic_only,stl_derived_collision_contact_probe
stl_fitted_box,medium_forward_base_pitch,ankle_boost_hypothesis,0.84,0.16000000000000003,0.0341526561890583,0.31317064345849327,0.0,0.6868293565415069,0.4717345650072203,True,False,bridge_like_pattern,stl_derived_prototype,contact_diagnostic_only,stl_derived_collision_contact_probe
stl_fitted_lowered_toe_box,neutral_stance,peak_upper_bound,0.85,0.15000000000000002,0.040132284394742625,0.2836496587666846,0.6329274390271853,0.08342290220613022,0.059760024462034884,True,False,bridge_like_pattern,stl_derived_prototype,contact_diagnostic_only,stl_derived_collision_contact_probe
stl_fitted_lowered_toe_box,ankle_toe_down_bias,peak_upper_bound,0.78,0.21999999999999997,0.0726891987385224,0.0,0.06783350203408897,0.932166497965911,0.932166497965911,False,False,insufficient_contact_persistence,stl_derived_prototype,contact_diagnostic_only,stl_derived_collision_contact_probe
stl_fitted_lowered_toe_box,mild_forward_lean,peak_upper_bound,0.81,0.18999999999999995,0.06205938952209,0.0,0.6693694301733515,0.33063056982664857,0.33063056982664857,False,False,insufficient_contact_persistence,stl_derived_prototype,contact_diagnostic_only,stl_derived_collision_contact_probe
stl_fitted_lowered_toe_box,medium_forward_base_pitch,peak_upper_bound,0.82,0.18000000000000005,0.05227943104480815,0.04177681886398131,0.7796097471119398,0.1786134340240788,0.1711515329441812,True,False,bridge_like_pattern,stl_derived_prototype,contact_diagnostic_only,stl_derived_collision_contact_probe
stl_fitted_lowered_toe_box,neutral_stance,ankle_boost_hypothesis,0.85,0.15000000000000002,0.040132284394742625,0.2836496587666846,0.6329274390271853,0.08342290220613022,0.059760024462034884,True,False,bridge_like_pattern,stl_derived_prototype,contact_diagnostic_only,stl_derived_collision_contact_probe
stl_fitted_lowered_toe_box,ankle_toe_down_bias,ankle_boost_hypothesis,0.78,0.21999999999999997,0.08153175987517314,0.0,0.0,1.0,1.0,False,False,insufficient_contact_persistence,stl_derived_prototype,contact_diagnostic_only,stl_derived_collision_contact_probe
stl_fitted_lowered_toe_box,mild_forward_lean,ankle_boost_hypothesis,0.81,0.18999999999999995,0.06817536624053555,0.0,0.5039379553615232,0.49606204463847686,0.49606204463847686,False,False,insufficient_contact_persistence,stl_derived_prototype,contact_diagnostic_only,stl_derived_collision_contact_probe
stl_fitted_lowered_toe_box,medium_forward_base_pitch,ankle_boost_hypothesis,0.82,0.18000000000000005,0.05565363718438372,0.0,0.6977930974610409,0.3022069025389592,0.3022069025389592,False,False,insufficient_contact_persistence,stl_derived_prototype,contact_diagnostic_only,stl_derived_collision_contact_probe
stl_fitted_rocker_capsules,neutral_stance,peak_upper_bound,0.85,0.15000000000000002,0.020689275187928697,0.018624186890800483,0.9813758131091996,0.0,0.0,False,False,insufficient_contact_persistence,stl_derived_prototype,contact_diagnostic_only,stl_derived_collision_contact_probe
stl_fitted_rocker_capsules,ankle_toe_down_bias,peak_upper_bound,0.83,0.17000000000000004,0.041653973579668095,0.0,0.024532832929127925,0.9754671670708721,0.9754671670708721,False,False,insufficient_contact_persistence,stl_derived_prototype,contact_diagnostic_only,stl_derived_collision_contact_probe
stl_fitted_rocker_capsules,mild_forward_lean,peak_upper_bound,0.85,0.15000000000000002,0.03918213847727361,0.0,0.5642560977716156,0.43574390222838444,0.43574390222838444,False,False,insufficient_contact_persistence,stl_derived_prototype,contact_diagnostic_only,stl_derived_collision_contact_probe
stl_fitted_rocker_capsules,medium_forward_base_pitch,peak_upper_bound,0.85,0.15000000000000002,0.029720887850938116,0.0,0.6939353976108804,0.3060646023891195,0.3060646023891195,False,False,insufficient_contact_persistence,stl_derived_prototype,contact_diagnostic_only,stl_derived_collision_contact_probe
stl_fitted_rocker_capsules,neutral_stance,ankle_boost_hypothesis,0.85,0.15000000000000002,0.020689275187928697,0.018624186890800483,0.9813758131091996,0.0,0.0,False,False,insufficient_contact_persistence,stl_derived_prototype,contact_diagnostic_only,stl_derived_collision_contact_probe
stl_fitted_rocker_capsules,ankle_toe_down_bias,ankle_boost_hypothesis,0.83,0.17000000000000004,0.04168497822155852,0.0,0.006112940194681338,0.9938870598053187,0.9938870598053187,False,False,insufficient_contact_persistence,stl_derived_prototype,contact_diagnostic_only,stl_derived_collision_contact_probe
stl_fitted_rocker_capsules,mild_forward_lean,ankle_boost_hypothesis,0.85,0.15000000000000002,0.03918213847727361,0.0,0.5642560977716156,0.43574390222838444,0.43574390222838444,False,False,insufficient_contact_persistence,stl_derived_prototype,contact_diagnostic_only,stl_derived_collision_contact_probe
stl_fitted_rocker_capsules,medium_forward_base_pitch,ankle_boost_hypothesis,0.85,0.15000000000000002,0.029720887850938116,0.0,0.6939353976108804,0.3060646023891195,0.3060646023891195,False,False,insufficient_contact_persistence,stl_derived_prototype,contact_diagnostic_only,stl_derived_collision_contact_probe
stl_fitted_continuous_bottom,neutral_stance,peak_upper_bound,0.85,0.15000000000000002,0.010955167541078097,0.0,1.0,0.0,0.0,False,False,insufficient_contact_persistence,stl_derived_prototype,contact_diagnostic_only,stl_derived_collision_contact_probe
stl_fitted_continuous_bottom,ankle_toe_down_bias,peak_upper_bound,0.8,0.19999999999999996,0.07304776697414708,0.0,0.0,1.0,1.0,False,False,insufficient_contact_persistence,stl_derived_prototype,contact_diagnostic_only,stl_derived_collision_contact_probe
stl_fitted_continuous_bottom,mild_forward_lean,peak_upper_bound,0.83,0.17000000000000004,0.04516736559596104,0.12101376863868976,0.2641435169427404,0.6148427144185699,0.540438280426737,True,False,bridge_like_pattern,stl_derived_prototype,contact_diagnostic_only,stl_derived_collision_contact_probe
stl_fitted_continuous_bottom,medium_forward_base_pitch,peak_upper_bound,0.84,0.16000000000000003,0.03421467186687045,0.26088772731596505,0.2843405827541421,0.45477168992989275,0.3361273372964423,True,False,bridge_like_pattern,stl_derived_prototype,contact_diagnostic_only,stl_derived_collision_contact_probe
stl_fitted_continuous_bottom,neutral_stance,ankle_boost_hypothesis,0.85,0.15000000000000002,0.010955167541078097,0.0,1.0,0.0,0.0,False,False,insufficient_contact_persistence,stl_derived_prototype,contact_diagnostic_only,stl_derived_collision_contact_probe
stl_fitted_continuous_bottom,ankle_toe_down_bias,ankle_boost_hypothesis,0.8,0.19999999999999996,0.07555569286261252,0.0,0.0,1.0,1.0,False,False,insufficient_contact_persistence,stl_derived_prototype,contact_diagnostic_only,stl_derived_collision_contact_probe
stl_fitted_continuous_bottom,mild_forward_lean,ankle_boost_hypothesis,0.83,0.17000000000000004,0.054380019504590794,0.0,0.28269526633688097,0.7173047336631191,0.7173047336631191,False,False,insufficient_contact_persistence,stl_derived_prototype,contact_diagnostic_only,stl_derived_collision_contact_probe
stl_fitted_continuous_bottom,medium_forward_base_pitch,ankle_boost_hypothesis,0.84,0.16000000000000003,0.042983302202452604,0.0,0.443732491178257,0.556267508821743,0.556267508821743,False,False,insufficient_contact_persistence,stl_derived_prototype,contact_diagnostic_only,stl_derived_collision_contact_probe
