variant,scenario,contact_index,geom1_id,geom1_name,geom2_id,geom2_name,body1_name,body2_name,contact_pos_x,contact_pos_y,contact_pos_z,contact_dist,normal_force,force_x,force_y,force_z,classified_side,classified_region,is_floor_contact
current_box_baseline,neutral,0,0,floor,7,R_foot_collision,world,R_link_ankle_pitch,0.0396141538479832,-0.18641694485317664,-0.0020346297523454165,-0.004069259504690833,4.920615012556666,4.920615012556666,-0.2081237043065075,4.33450758530066,right,center,True
current_box_baseline,neutral,1,0,floor,7,R_foot_collision,world,R_link_ankle_pitch,0.03879115344708989,-0.10642119609796254,-0.0020613291567616425,-0.004122658313523285,4.721212583728963,4.721212583728963,-0.16224857743001597,2.780214207729389,right,center,True
current_box_baseline,neutral,2,0,floor,13,L_foot_collision,world,L_link_ankle_pitch,-0.10310348987039508,0.1053166063634044,-8.099584192195267e-05,-0.00016199168384390533,6.450395492313351,6.450395492313351,-1.2997925929623662,-0.5119427612719711,left,center,True
current_box_baseline,neutral,3,0,floor,13,L_foot_collision,world,L_link_ankle_pitch,0.03682986433433499,0.10648232741280406,-0.0021605075303085114,-0.004321015060617023,5.860503285493209,5.860503285493209,0.777233154819698,0.7580487210145694,left,center,True
current_box_baseline,neutral,4,0,floor,13,L_foot_collision,world,L_link_ankle_pitch,-0.10377155094407448,0.18531379785368823,-0.00010860050047860337,-0.00021720100095720674,7.373625431495391,7.373625431495391,-1.339942440156743,0.4800923950088043,left,center,True
current_box_baseline,neutral,5,0,floor,13,L_foot_collision,world,L_link_ankle_pitch,0.036161803260655594,0.1864795189030879,-0.002188112188865162,-0.004376224377730324,7.520372872438344,7.520372872438344,0.7602033159198305,2.768074628700393,left,center,True
current_box_baseline,forward_pitch,0,0,floor,7,R_foot_collision,world,R_link_ankle_pitch,-0.02151129484977489,-0.18641700083814572,-0.002751725715266544,-0.005503451430533088,9.453649034864549,9.453649034864549,0.14294740471095646,6.275302114361429,right,center,True
current_box_baseline,forward_pitch,1,0,floor,7,R_foot_collision,world,R_link_ankle_pitch,-0.022333889762381806,-0.10642125376139569,-0.0027209554276763775,-0.005441910855352755,4.272413459269949,4.272413459269949,0.19665226779401557,2.807264708862657,right,center,True
current_box_baseline,forward_pitch,2,0,floor,13,L_foot_collision,world,L_link_ankle_pitch,-0.024303025519755134,0.10648245824940875,-0.002683413486766175,-0.00536682697353235,5.899189423377369,5.899189423377369,0.014443773089034773,3.200309846229329,left,center,True
current_box_baseline,forward_pitch,3,0,floor,13,L_foot_collision,world,L_link_ankle_pitch,-0.02497165070235116,0.18647965495767627,-0.0026643138535469048,-0.0053286277070938096,7.57813598461268,7.57813598461268,-0.03415165739248982,5.695661708274718,left,center,True
current_box_baseline,backward_pitch,0,0,floor,7,R_foot_collision,world,R_link_ankle_pitch,-0.0392102370434183,-0.18785258752723533,-0.004724815760893966,-0.009449631521787932,10.224637543942375,10.224637543942375,0.34514730096828794,-1.0943145664417675,right,center,True
current_box_baseline,backward_pitch,1,0,floor,7,R_foot_collision,world,R_link_ankle_pitch,-0.04001884839822183,-0.10785684845439805,-0.004808299093687327,-0.009616598187374654,16.94388188343301,16.94388188343301,0.4437068926163139,-9.337479119850249,right,center,True
current_box_baseline,backward_pitch,2,0,floor,13,L_foot_collision,world,L_link_ankle_pitch,-0.041935837643121594,0.1053162812733302,-0.005040629487960035,-0.01008125897592007,11.640570728306146,11.640570728306146,-0.9447763839677559,-8.133438675214045,left,center,True
current_box_baseline,backward_pitch,3,0,floor,13,L_foot_collision,world,L_link_ankle_pitch,-0.04258834788456504,0.18531348335827483,-0.005114604087219393,-0.010229208174438786,16.766202265602097,16.766202265602097,-1.0258595039194232,-2.7331977083134817,left,center,True
current_box_baseline,left_support_roll,0,0,floor,7,R_foot_collision,world,R_link_ankle_pitch,-0.10031680937684957,-0.1494735206068339,-0.007283219036977987,-0.014566438073955974,51.135406813119985,51.135406813119985,11.527231517796784,1.919666859557708,right,center,True
current_box_baseline,left_support_roll,1,0,floor,7,R_foot_collision,world,R_link_ankle_pitch,0.03961406523449594,-0.14767701302884345,-0.00929088503423342,-0.01858177006846684,37.81243037667317,37.81243037667317,-1.958486032480078,3.4504856587512522,right,center,True
current_box_baseline,left_support_roll,2,0,floor,7,R_foot_collision,world,R_link_ankle_pitch,-0.10114142289776422,-0.06977762332727491,-0.0038233068506965187,-0.007646613701393037,0.0,0.0,0.0,0.0,right,center,True
current_box_baseline,left_support_roll,3,0,floor,7,R_foot_collision,world,R_link_ankle_pitch,0.038789451713581294,-0.06798111574928449,-0.005830972847951952,-0.011661945695903904,0.0,0.0,0.0,0.0,right,center,True
current_box_baseline,right_support_roll,0,0,floor,13,L_foot_collision,world,L_link_ankle_pitch,-0.10310410158630512,0.06722854480578142,-0.003819112731128147,-0.007638225462256294,0.0,0.0,0.0,0.0,left,center,True
current_box_baseline,right_support_roll,1,0,floor,13,L_foot_collision,world,L_link_ankle_pitch,0.03682930001507351,0.06802412427991414,-0.005941032237590224,-0.011882064475180448,0.0,0.0,0.0,0.0,left,center,True
current_box_baseline,right_support_roll,2,0,floor,13,L_foot_collision,world,L_link_ankle_pitch,-0.10377030911058929,0.14691643783338665,-0.007333222588386729,-0.014666445176773457,51.05122662121818,51.05122662121818,-10.230676339253492,1.4495137747800175,left,center,True
current_box_baseline,right_support_roll,3,0,floor,13,L_foot_collision,world,L_link_ankle_pitch,0.036163092490789334,0.14771201730751937,-0.009455142094848806,-0.01891028418969761,37.86905737837803,37.86905737837803,0.9937513209043232,3.4048598489390045,left,center,True
simple_toe_center_heel,neutral,0,0,floor,8,R_foot_contact_simple_toe_center_heel_heel,world,R_link_ankle_pitch,-0.07103236947159072,-0.1803736436432809,-0.0003501706429299735,-0.000700341285859947,1.7936552885493373,1.7936552885493373,0.8354970050249895,0.5542042903195077,right,heel,True
simple_toe_center_heel,neutral,1,0,floor,8,R_foot_contact_simple_toe_center_heel_heel,world,R_link_ankle_pitch,-0.03744809141340869,-0.1800053407010951,-0.0008299154327637351,-0.0016598308655274702,2.0132997769761314,2.0132997769761314,0.20772555613162996,1.0169848545371418,right,heel,True
simple_toe_center_heel,neutral,2,0,floor,8,R_foot_contact_simple_toe_center_heel_heel,world,R_link_ankle_pitch,-0.07175284691416736,-0.11477761186935648,-0.0003697139860199955,-0.000739427972039991,2.5044139547980038,2.5044139547980038,0.8839604723734653,-0.7366285565290558,right,heel,True
simple_toe_center_heel,neutral,3,0,floor,8,R_foot_contact_simple_toe_center_heel_heel,world,R_link_ankle_pitch,-0.038168568855985345,-0.11440930892717069,-0.0008494587758537571,-0.0016989175517075142,2.647101752028104,2.647101752028104,0.22400241952459732,-0.4649997967600039,right,heel,True
simple_toe_center_heel,neutral,4,0,floor,9,R_foot_contact_simple_toe_center_heel_center,world,R_link_ankle_pitch,-0.05141518167349189,-0.1825586550813364,-0.0006293067699760565,-0.001258613539952113,2.1824198455588864,2.1824198455588864,0.5351397820399082,0.9352622821743254,right,center,True
simple_toe_center_heel,neutral,5,0,floor,9,R_foot_contact_simple_toe_center_heel_center,world,R_link_ankle_pitch,-0.009434834100764362,-0.18209827640360418,-0.0012289877572682585,-0.002457975514536517,1.8595958200764835,1.8595958200764835,-0.448889380691456,1.0889870395631764,right,center,True
simple_toe_center_heel,neutral,6,0,floor,9,R_foot_contact_simple_toe_center_heel_center,world,R_link_ankle_pitch,-0.052188376977720496,-0.11216291366541752,-0.0006502801137799824,-0.0013005602275599649,2.884779941037013,2.884779941037013,0.5526076354372551,-0.6773426365914413,right,center,True
simple_toe_center_heel,neutral,7,0,floor,9,R_foot_contact_simple_toe_center_heel_center,world,R_link_ankle_pitch,-0.010208029404992967,-0.11170253498768529,-0.0012499611010721844,-0.002499922202144369,2.2435776565048373,2.2435776565048373,-0.43142152729416566,-0.20523962015271846,right,center,True
simple_toe_center_heel,neutral,8,0,floor,10,R_foot_contact_simple_toe_center_heel_toe,world,R_link_ankle_pitch,-0.02205529730340859,-0.17983653518592663,-0.001049798461437549,-0.002099596922875098,1.9235213684107708,1.9235213684107708,-0.1530851368698622,1.0447601981356667,right,toe,True
simple_toe_center_heel,neutral,9,0,floor,10,R_foot_contact_simple_toe_center_heel_toe,world,R_link_ankle_pitch,0.011528980754773432,-0.17946823224374084,-0.0015295432512713106,-0.003059086502542621,1.8866553095632836,1.8866553095632836,-0.7812943617585929,1.1053609478046906,right,toe,True
simple_toe_center_heel,neutral,10,0,floor,10,R_foot_contact_simple_toe_center_heel_toe,world,R_link_ankle_pitch,-0.022775774745985244,-0.1142405034120022,-0.001069341804527571,-0.002138683609055142,2.4119942477004126,2.4119942477004126,-0.13680827347691826,-0.29189535739912553,right,toe,True
simple_toe_center_heel,neutral,11,0,floor,10,R_foot_contact_simple_toe_center_heel_toe,world,R_link_ankle_pitch,0.01080850331219678,-0.11387220046981641,-0.0015490865943613326,-0.003098173188722665,1.8990324200744808,1.8990324200744808,-0.9240316036620211,0.08578705575187634,right,toe,True
simple_toe_center_heel,neutral,12,0,floor,17,L_foot_contact_simple_toe_center_heel_heel,world,L_link_ankle_pitch,-0.07385266250673196,0.11274666842606063,-0.0004754206947565707,-0.0009508413895131414,1.5793997059689837,1.5793997059689837,-0.8010197195376353,-0.7504858083179761,left,heel,True
simple_toe_center_heel,neutral,13,0,floor,17,L_foot_contact_simple_toe_center_heel_heel,world,L_link_ankle_pitch,-0.040267621710600186,0.11301299817265123,-0.000958665764117103,-0.001917331528234206,1.3421263720444951,1.3421263720444951,-0.28000322032357833,-0.3611029093051649,left,heel,True
simple_toe_center_heel,neutral,14,0,floor,17,L_foot_contact_simple_toe_center_heel_heel,world,L_link_ankle_pitch,-0.07437443297815424,0.17834457042973273,-0.0005028446431744734,-0.0010056892863489469,3.5169636445793797,3.5169636445793797,-0.8368826039866075,0.3518718861966651,left,heel,True
simple_toe_center_heel,neutral,15,0,floor,17,L_foot_contact_simple_toe_center_heel_heel,world,L_link_ankle_pitch,-0.040789392182022474,0.1786109001763233,-0.0009860897125350057,-0.0019721794250700114,3.280940564444564,3.280940564444564,-0.2890349267541227,0.745073863486147,left,heel,True
simple_toe_center_heel,neutral,16,0,floor,18,L_foot_contact_simple_toe_center_heel_center,world,L_link_ankle_pitch,-0.05424229954539981,0.11050210420086835,-0.0007563103366975358,-0.0015126206733950716,1.3695370955504875,1.3695370955504875,-0.5079426575530698,-0.5654069484403813,left,center,True
simple_toe_center_heel,neutral,17,0,floor,18,L_foot_contact_simple_toe_center_heel_center,world,L_link_ankle_pitch,-0.012260998550235082,0.1108350163841066,-0.0013603666733982027,-0.0027207333467964053,1.0745082453820907,1.0745082453820907,0.1768669389875459,-0.0739044768286315,left,center,True
simple_toe_center_heel,neutral,18,0,floor,18,L_foot_contact_simple_toe_center_heel_center,world,L_link_ankle_pitch,-0.05480224834399934,0.180899852692614,-0.0007857409154874801,-0.0015714818309749603,3.45021574105291,3.45021574105291,-0.5176352205516849,0.6217095882136916,left,center,True
simple_toe_center_heel,neutral,19,0,floor,18,L_foot_contact_simple_toe_center_heel_center,world,L_link_ankle_pitch,-0.012820947348834613,0.18123276487585227,-0.001389797252188147,-0.002779594504376294,3.1551868908845697,3.1551868908845697,0.16717437598889318,1.1132120598254693,left,center,True
simple_toe_center_heel,neutral,20,0,floor,19,L_foot_contact_simple_toe_center_heel_toe,world,L_link_ankle_pitch,-0.024874478012373115,0.11313506597317191,-0.0011801530875740155,-0.002360306175148031,1.233949126982898,1.233949126982898,-0.028906368258701853,-0.18088533638077603,left,toe,True
simple_toe_center_heel,neutral,21,0,floor,19,L_foot_contact_simple_toe_center_heel_toe,world,L_link_ankle_pitch,0.00871056278375866,0.11340139571976252,-0.0016633981569345478,-0.0033267963138690956,1.0079151896229528,1.0079151896229528,0.5089521661989057,0.21231664090866145,left,toe,True
simple_toe_center_heel,neutral,22,0,floor,19,L_foot_contact_simple_toe_center_heel_toe,world,L_link_ankle_pitch,-0.025396248483795403,0.17873296797684401,-0.0012075770359919183,-0.0024151540719838365,3.172763319383,3.172763319383,-0.037938074689222834,0.9252914364104892,left,toe,True
simple_toe_center_heel,neutral,23,0,floor,19,L_foot_contact_simple_toe_center_heel_toe,world,L_link_ankle_pitch,0.008188792312336372,0.1789992977234346,-0.0016908221053524505,-0.003381644210704901,2.9367402392480084,2.9367402392480084,0.5099096025432625,1.3184934136999265,left,toe,True
simple_toe_center_heel,forward_pitch,0,0,floor,10,R_foot_contact_simple_toe_center_heel_toe,world,R_link_ankle_pitch,-0.04918487549073226,-0.17946842045005001,-0.00030755775625891917,-0.0006151155125178383,7.535621118771466,7.535621118771466,0.11063830133702579,3.9119838554045487,right,toe,True
simple_toe_center_heel,forward_pitch,1,0,floor,10,R_foot_contact_simple_toe_center_heel_toe,world,R_link_ankle_pitch,-0.04990428514554664,-0.113872394114888,-0.0002768218436801648,-0.0005536436873603296,3.6299502381025075,3.6299502381025075,0.1367455765438521,0.7155022739090198,right,toe,True
simple_toe_center_heel,forward_pitch,2,0,floor,19,L_foot_contact_simple_toe_center_heel_toe,world,L_link_ankle_pitch,-0.052013727005965515,0.11340147266729902,-0.0002448702572952974,-0.0004897405145905948,4.943204953049156,4.943204953049156,0.023433785956867403,1.05363169671914,left,toe,True
simple_toe_center_heel,forward_pitch,3,0,floor,19,L_foot_contact_simple_toe_center_heel_toe,world,L_link_ankle_pitch,-0.05253743219755108,0.1789993796757069,-0.00023580123613896851,-0.00047160247227793703,5.831890180473329,5.831890180473329,-0.0026371019513211635,3.3491613173192767,left,toe,True
simple_toe_center_heel,backward_pitch,0,0,floor,8,R_foot_contact_simple_toe_center_heel_heel,world,R_link_ankle_pitch,-0.010094005585027065,-0.18037356731120946,-0.0030857479236529976,-0.006171495847305995,15.076598907657601,15.076598907657601,0.4752523276930938,4.344963044571142,right,heel,True
simple_toe_center_heel,backward_pitch,1,0,floor,8,R_foot_contact_simple_toe_center_heel_heel,world,R_link_ankle_pitch,0.02329886726207938,-0.18000429463862638,-0.0012323941588347513,-0.0024647883176695026,0.0,0.0,0.0,0.0,right,heel,True
simple_toe_center_heel,backward_pitch,2,0,floor,8,R_foot_contact_simple_toe_center_heel_heel,world,R_link_ankle_pitch,-0.010803983362489921,-0.11477755632955382,-0.0031551648704694025,-0.006310329740938805,20.050950780732524,20.050950780732524,0.6094766416709136,-8.19203226737623,right,heel,True
simple_toe_center_heel,backward_pitch,3,0,floor,8,R_foot_contact_simple_toe_center_heel_heel,world,R_link_ankle_pitch,0.02258888948461652,-0.11440828365697073,-0.0013018111056511557,-0.0026036222113023115,0.0,0.0,0.0,0.0,right,heel,True
simple_toe_center_heel,backward_pitch,4,0,floor,9,R_foot_contact_simple_toe_center_heel_center,world,R_link_ankle_pitch,0.009411145039188145,-0.18255801231250712,-0.0020020852497799734,-0.004004170499559947,0.0,0.0,0.0,0.0,right,center,True
simple_toe_center_heel,backward_pitch,5,0,floor,9,R_foot_contact_simple_toe_center_heel_center,world,R_link_ankle_pitch,0.008649217668252395,-0.11216229321024256,-0.002076581485387821,-0.004153162970775642,0.45620813607560334,0.45620813607560334,0.0,-0.45620813607560334,right,center,True
simple_toe_center_heel,backward_pitch,6,0,floor,10,R_foot_contact_simple_toe_center_heel_toe,world,R_link_ankle_pitch,0.03860393398366984,-0.17983504466369246,-0.0003829403499597227,-0.0007658806999194454,0.0,0.0,0.0,0.0,right,toe,True
simple_toe_center_heel,backward_pitch,7,0,floor,10,R_foot_contact_simple_toe_center_heel_toe,world,R_link_ankle_pitch,0.03789395620620699,-0.11423903368203682,-0.00045235729677612756,-0.0009047145935522551,0.0,0.0,0.0,0.0,right,toe,True
simple_toe_center_heel,backward_pitch,8,0,floor,17,L_foot_contact_simple_toe_center_heel_heel,world,L_link_ankle_pitch,-0.012853975446429754,0.11274670159533841,-0.0034051079100346424,-0.006810215820069285,15.044980864447595,15.044980864447595,-1.0692742561544208,-7.904515508951006,left,heel,True
simple_toe_center_heel,backward_pitch,9,0,floor,17,L_foot_contact_simple_toe_center_heel_heel,world,L_link_ankle_pitch,0.020540702068256426,0.11301215760942365,-0.001555442616346471,-0.003110885232692942,0.0,0.0,0.0,0.0,left,heel,True
simple_toe_center_heel,backward_pitch,10,0,floor,17,L_foot_contact_simple_toe_center_heel_heel,world,L_link_ankle_pitch,-0.013361340510803118,0.17834461645772964,-0.0034686421486765165,-0.006937284297353033,21.500725573495185,21.500725573495185,-1.1532585478132251,2.1989302253811047,left,heel,True
simple_toe_center_heel,backward_pitch,11,0,floor,17,L_foot_contact_simple_toe_center_heel_heel,world,L_link_ankle_pitch,0.020033337003883062,0.1786100724718149,-0.0016189768549883456,-0.003237953709976691,0.0,0.0,0.0,0.0,left,heel,True
simple_toe_center_heel,backward_pitch,12,0,floor,18,L_foot_contact_simple_toe_center_heel_center,world,L_link_ankle_pitch,0.006644815240305312,0.11050162722241039,-0.002323812065351604,-0.004647624130703208,0.010934804723731565,0.010934804723731565,0.0,-0.010934804723731565,left,center,True
simple_toe_center_heel,backward_pitch,13,0,floor,18,L_foot_contact_simple_toe_center_heel_center,world,L_link_ankle_pitch,0.04838816213366304,0.11083344724001692,-1.1730448241390346e-05,-2.3460896482780692e-05,0.0,0.0,0.0,0.0,left,center,True
simple_toe_center_heel,backward_pitch,14,0,floor,18,L_foot_contact_simple_toe_center_heel_center,world,L_link_ankle_pitch,0.006100325902929023,0.1808993895137571,-0.002391995150723372,-0.004783990301446744,1.3219151092214483,1.3219151092214483,0.0,1.3219151092214483,left,center,True
simple_toe_center_heel,backward_pitch,15,0,floor,18,L_foot_contact_simple_toe_center_heel_center,world,L_link_ankle_pitch,0.04784367279628675,0.18123120953136365,-7.991353361315803e-05,-0.00015982706722631607,0.0,0.0,0.0,0.0,left,center,True
simple_toe_center_heel,backward_pitch,16,0,floor,19,L_foot_contact_simple_toe_center_heel_toe,world,L_link_ankle_pitch,0.03584659592915426,0.11313382494921272,-0.0007076793567393908,-0.0014153587134787815,0.0,0.0,0.0,0.0,left,toe,True
simple_toe_center_heel,backward_pitch,17,0,floor,19,L_foot_contact_simple_toe_center_heel_toe,world,L_link_ankle_pitch,0.0353392308647809,0.17873173981160395,-0.0007712135953812649,-0.0015424271907625298,0.0,0.0,0.0,0.0,left,toe,True
simple_toe_center_heel,left_support_roll,0,0,floor,8,R_foot_contact_simple_toe_center_heel_heel,world,R_link_ankle_pitch,-0.0710312641108417,-0.1419519859782678,-0.007350073092434963,-0.014700146184869926,20.597689102994487,20.597689102994487,10.414165088151046,0.5351216576994986,right,heel,True
simple_toe_center_heel,left_support_roll,1,0,floor,8,R_foot_contact_simple_toe_center_heel_heel,world,R_link_ankle_pitch,-0.03744699299687522,-0.14149973109022407,-0.00781164628810335,-0.0156232925762067,11.45813802306434,11.45813802306434,2.321978544957401,0.838477970343023,right,heel,True
simple_toe_center_heel,left_support_roll,2,0,floor,8,R_foot_contact_simple_toe_center_heel_heel,world,R_link_ankle_pitch,-0.07175517387558576,-0.07660229131855142,-0.0045104708960724185,-0.009020941792144837,0.0,0.0,0.0,0.0,right,heel,True
simple_toe_center_heel,left_support_roll,3,0,floor,8,R_foot_contact_simple_toe_center_heel_heel,world,R_link_ankle_pitch,-0.03817090276161929,-0.07615003643050772,-0.004972044091740806,-0.009944088183481612,0.0,0.0,0.0,0.0,right,heel,True
simple_toe_center_heel,left_support_roll,4,0,floor,9,R_foot_contact_simple_toe_center_heel_center,world,R_link_ankle_pitch,-0.05141395479077305,-0.14407901311445956,-0.007723212008474303,-0.015446424016948606,27.292868981224554,27.292868981224554,5.770945962835237,1.3940043704556597,right,center,True
simple_toe_center_heel,left_support_roll,5,0,floor,9,R_foot_contact_simple_toe_center_heel_center,world,R_link_ankle_pitch,-0.009433615898314957,-0.14351369450440493,-0.008300178503059788,-0.016600357006119577,16.156731472946646,16.156731472946646,-4.632588557791269,1.7731997612602384,right,center,True
simple_toe_center_heel,left_support_roll,6,0,floor,9,R_foot_contact_simple_toe_center_heel_center,world,R_link_ankle_pitch,-0.05219083356269351,-0.07394763347964199,-0.0046758340416462076,-0.009351668083292415,0.0,0.0,0.0,0.0,right,center,True
simple_toe_center_heel,left_support_roll,7,0,floor,9,R_foot_contact_simple_toe_center_heel_center,world,R_link_ankle_pitch,-0.010210494670235416,-0.07338231486958736,-0.005252800536231693,-0.010505601072463386,0.0,0.0,0.0,0.0,right,center,True
simple_toe_center_heel,left_support_roll,8,0,floor,10,R_foot_contact_simple_toe_center_heel_toe,world,R_link_ankle_pitch,-0.022054202069640583,-0.1412924475998707,-0.008023200669451358,-0.016046401338902717,7.3748876033620725,7.3748876033620725,-1.492650779272234,0.9775162803047381,right,toe,True
simple_toe_center_heel,left_support_roll,9,0,floor,10,R_foot_contact_simple_toe_center_heel_toe,world,R_link_ankle_pitch,0.01153006904432589,-0.14084019271182702,-0.008484773865119746,-0.016969547730239492,4.7811642927306055,4.7811642927306055,-4.524233597071549,0.2569306956590566,right,toe,True
simple_toe_center_heel,left_support_roll,10,0,floor,10,R_foot_contact_simple_toe_center_heel_toe,world,R_link_ankle_pitch,-0.022778111834384645,-0.07594275294015435,-0.005183598473088814,-0.010367196946177628,0.0,0.0,0.0,0.0,right,toe,True
simple_toe_center_heel,left_support_roll,11,0,floor,10,R_foot_contact_simple_toe_center_heel_toe,world,R_link_ankle_pitch,0.010806159279581829,-0.07549049805211064,-0.005645171668757202,-0.011290343337514403,0.0,0.0,0.0,0.0,right,toe,True
simple_toe_center_heel,right_support_roll,0,0,floor,17,L_foot_contact_simple_toe_center_heel_heel,world,L_link_ankle_pitch,-0.07385462467086985,0.07455953789480299,-0.004536015750794946,-0.009072031501589892,0.0,0.0,0.0,0.0,left,heel,True
simple_toe_center_heel,right_support_roll,1,0,floor,17,L_foot_contact_simple_toe_center_heel_heel,world,L_link_ankle_pitch,-0.04026955073769445,0.07473907435385141,-0.005028604718143724,-0.010057209436287448,0.0,0.0,0.0,0.0,left,heel,True
simple_toe_center_heel,right_support_roll,2,0,floor,17,L_foot_contact_simple_toe_center_heel_heel,world,L_link_ankle_pitch,-0.07437327912221885,0.1399029569680569,-0.007422561323673282,-0.014845122647346564,20.17430036646144,20.17430036646144,-9.075398061712782,0.22817730386335455,left,heel,True
simple_toe_center_heel,right_support_roll,3,0,floor,17,L_foot_contact_simple_toe_center_heel_heel,world,L_link_ankle_pitch,-0.04078820518904344,0.14008249342710533,-0.00791515029102206,-0.01583030058204412,11.578398242054966,11.578398242054966,-2.103065796949866,0.7307629596494372,left,heel,True
simple_toe_center_heel,right_support_roll,4,0,floor,18,L_foot_contact_simple_toe_center_heel_center,world,L_link_ankle_pitch,-0.05424435638032997,0.07227365460299065,-0.004717753989244724,-0.009435507978489448,0.0,0.0,0.0,0.0,left,center,True
simple_toe_center_heel,right_support_roll,5,0,floor,18,L_foot_contact_simple_toe_center_heel_center,world,L_link_ankle_pitch,-0.012263013963860717,0.07249807517680118,-0.005333490198430697,-0.010666980396861394,0.0,0.0,0.0,0.0,left,center,True
simple_toe_center_heel,right_support_roll,6,0,floor,18,L_foot_contact_simple_toe_center_heel_center,world,L_link_ankle_pitch,-0.054800961157387425,0.14239829946209243,-0.007815510213797084,-0.015631020427594167,27.411132019342404,27.411132019342404,-5.0020675809161075,1.1141234585276711,left,center,True
simple_toe_center_heel,right_support_roll,7,0,floor,18,L_foot_contact_simple_toe_center_heel_center,world,L_link_ankle_pitch,-0.012819618740918172,0.14262272003590293,-0.008431246422983056,-0.016862492845966113,16.666254363834874,16.666254363834874,3.713347750037759,1.7423555282603846,left,center,True
simple_toe_center_heel,right_support_roll,8,0,floor,19,L_foot_contact_simple_toe_center_heel_toe,world,L_link_ankle_pitch,-0.024876391851655726,0.07482136189758196,-0.005254374661511916,-0.010508749323023831,0.0,0.0,0.0,0.0,left,toe,True
simple_toe_center_heel,right_support_roll,9,0,floor,19,L_foot_contact_simple_toe_center_heel_toe,world,L_link_ankle_pitch,0.008708682081519672,0.07500089835663037,-0.0057469636288606935,-0.011493927257721387,0.0,0.0,0.0,0.0,left,toe,True
simple_toe_center_heel,right_support_roll,10,0,floor,19,L_foot_contact_simple_toe_center_heel_toe,world,L_link_ankle_pitch,-0.02539504630300472,0.14016478097083587,-0.008140920234390251,-0.016281840468780503,7.638609768368911,7.638609768368911,1.0925864910666545,0.9611147185512519,left,toe,True
simple_toe_center_heel,right_support_roll,11,0,floor,19,L_foot_contact_simple_toe_center_heel_toe,world,L_link_ankle_pitch,0.008190027630170679,0.1403443174298843,-0.00863350920173903,-0.01726701840347806,4.285663387065012,4.285663387065012,3.793136288905404,0.49252709815960727,left,toe,True
duck_like_multi_patch,neutral,0,0,floor,8,R_foot_contact_duck_like_multi_patch_heel,world,R_link_ankle_pitch,-0.07104824424616339,-0.17639329221868438,-0.0003414500876842432,-0.0006829001753684864,1.2335001640020196,1.2335001640020196,0.6963122559699947,0.41415503623742,right,heel,True
duck_like_multi_patch,neutral,1,0,floor,8,R_foot_contact_duck_like_multi_patch_heel,world,R_link_ankle_pitch,-0.040262549291789795,-0.17603268508838008,-0.0007747365615761578,-0.0015494731231523156,1.3385039905441773,1.3385039905441773,0.27815327510768456,0.7254184514022193,right,heel,True
duck_like_multi_patch,neutral,2,0,floor,8,R_foot_contact_duck_like_multi_patch_heel,world,R_link_ankle_pitch,-0.07172367368261036,-0.11879725913925306,-0.00035531181048392094,-0.0007106236209678419,1.5506278417619916,1.5506278417619916,0.8096982301209047,-0.7409296116410868,right,heel,True
duck_like_multi_patch,neutral,3,0,floor,8,R_foot_contact_duck_like_multi_patch_heel,world,R_link_ankle_pitch,-0.04093797872823676,-0.11843665200894876,-0.000788598284375836,-0.001577196568751672,1.5735706600730768,1.5735706600730768,0.29437321252326143,-0.5576943826559045,right,heel,True
duck_like_multi_patch,neutral,4,0,floor,9,R_foot_contact_duck_like_multi_patch_center,world,R_link_ankle_pitch,-0.048649266951314774,-0.17693097739143498,-0.0006563749993142264,-0.0013127499986284527,1.3974183588997962,1.3974183588997962,0.4852844792693689,0.7210636663284166,right,center,True
duck_like_multi_patch,neutral,5,0,floor,9,R_foot_contact_duck_like_multi_patch_center,world,R_link_ankle_pitch,-0.012266172914327793,-0.17650480532834809,-0.0011684408320955797,-0.0023368816641911594,1.1791971444352105,1.1791971444352105,-0.40249723949858585,0.7766999049366247,right,center,True
duck_like_multi_patch,neutral,6,0,floor,9,R_foot_contact_duck_like_multi_patch_center,world,R_link_ankle_pitch,-0.04934345831655194,-0.11773505450424168,-0.0006706217699694508,-0.0013412435399389015,1.709758955314965,1.709758955314965,0.5019549705020205,-0.6684354880751802,right,center,True
duck_like_multi_patch,neutral,7,0,floor,9,R_foot_contact_duck_like_multi_patch_center,world,R_link_ankle_pitch,-0.012960364279564957,-0.11730888244115478,-0.001182687602750804,-0.002365375205501608,1.140517984096784,1.140517984096784,-0.3965897808022217,-0.2725425252496643,right,center,True
duck_like_multi_patch,neutral,8,0,floor,10,R_foot_contact_duck_like_multi_patch_toe,world,R_link_ankle_pitch,-0.01927230273198962,-0.17578681659044534,-0.0010701591574115515,-0.002140318314823103,1.206397694197269,1.206397694197269,-0.24023792756785078,0.7575162813683824,right,toe,True
duck_like_multi_patch,neutral,9,0,floor,10,R_foot_contact_duck_like_multi_patch_toe,world,R_link_ankle_pitch,0.011513392222383975,-0.17542620946014104,-0.001503445631303466,-0.003006891262606932,1.408889958183246,1.408889958183246,-0.6042968595309247,0.8045930986523212,right,toe,True
duck_like_multi_patch,neutral,10,0,floor,10,R_foot_contact_duck_like_multi_patch_toe,world,R_link_ankle_pitch,-0.019947732168436587,-0.11819078351101402,-0.0010840208802112292,-0.0021680417604224584,1.2451624074468672,1.2451624074468672,-0.22401799015226448,-0.3292945964104402,right,toe,True
duck_like_multi_patch,neutral,11,0,floor,10,R_foot_contact_duck_like_multi_patch_toe,world,R_link_ankle_pitch,0.010837962785937008,-0.11783017638070972,-0.0015173073541031442,-0.0030346147082062885,1.064785271401598,1.064785271401598,-0.6830367862704443,0.005691756749649474,right,toe,True
duck_like_multi_patch,neutral,12,0,floor,11,R_foot_contact_duck_like_multi_patch_inner,world,R_link_ankle_pitch,-0.04452626535451552,-0.1704822444608001,-0.0007169997099034922,-0.0014339994198069844,1.325627688149735,1.325627688149735,0.38340845400265133,0.6564030699658634,right,inner,True
duck_like_multi_patch,neutral,13,0,floor,11,R_foot_contact_duck_like_multi_patch_inner,world,R_link_ankle_pitch,-0.013740570400141918,-0.17012163733049582,-0.0011502861837954072,-0.0023005723675908144,1.128666399786837,1.128666399786837,-0.376898643254781,0.7066852743042634,right,inner,True
duck_like_multi_patch,neutral,14,0,floor,11,R_foot_contact_duck_like_multi_patch_inner,world,R_link_ankle_pitch,-0.04475140849999784,-0.15128356676765634,-0.0007216202841700513,-0.0014432405683401026,1.4414275487461783,1.4414275487461783,0.38881509980782636,0.19125448785967414,right,inner,True
duck_like_multi_patch,neutral,15,0,floor,11,R_foot_contact_duck_like_multi_patch_inner,world,R_link_ankle_pitch,-0.01396571354562424,-0.15092295963735203,-0.0011549067580619663,-0.0023098135161239326,0.9829420041809744,0.9829420041809744,-0.37149199744960126,0.5030609484001958,right,inner,True
duck_like_multi_patch,neutral,16,0,floor,12,R_foot_contact_duck_like_multi_patch_outer,world,R_link_ankle_pitch,-0.0448452181439488,-0.14328411772884642,-0.0007235455234477833,-0.0014470910468955666,1.4896774906611734,1.4896774906611734,0.391067868893332,-0.0025574213512377098,right,outer,True
duck_like_multi_patch,neutral,17,0,floor,12,R_foot_contact_duck_like_multi_patch_outer,world,R_link_ankle_pitch,-0.014059523189575209,-0.14292351059854214,-0.0011568319973396983,-0.0023136639946793967,1.008012053476576,1.008012053476576,-0.3692392283641051,0.3324289318087439,right,outer,True
duck_like_multi_patch,neutral,18,0,floor,12,R_foot_contact_duck_like_multi_patch_outer,world,R_link_ankle_pitch,-0.04507036128943113,-0.12408544003570265,-0.0007281660977143424,-0.0014563321954286848,1.6054773512575649,1.6054773512575649,0.3964745146985071,-0.4677060034573467,right,outer,True
duck_like_multi_patch,neutral,19,0,floor,12,R_foot_contact_duck_like_multi_patch_outer,world,R_link_ankle_pitch,-0.01428466633505753,-0.12372483290539836,-0.0011614525716062574,-0.002322905143212515,1.1238119140729956,1.1238119140729956,-0.3638325825589065,-0.13271965029740784,right,outer,True
duck_like_multi_patch,neutral,20,0,floor,19,L_foot_contact_duck_like_multi_patch_heel,world,L_link_ankle_pitch,-0.07389951387031116,0.11674859926544201,-0.0004650052503857938,-0.0009300105007715876,1.0807686688855362,1.0807686688855362,-0.5279455506323081,-0.5528231182532283,left,heel,True
duck_like_multi_patch,neutral,21,0,floor,19,L_foot_contact_duck_like_multi_patch_heel,world,L_link_ankle_pitch,-0.043112928841002804,0.11698031708761045,-0.0009044620412240875,-0.001808924082448175,0.5501270471750936,0.5501270471750936,-0.20086436800567503,-0.34926267916941867,left,heel,True
duck_like_multi_patch,neutral,22,0,floor,19,L_foot_contact_duck_like_multi_patch_heel,world,L_link_ankle_pitch,-0.07433452201227246,0.1743469329739442,-0.0004910912640875048,-0.0009821825281750097,2.493518011689254,2.493518011689254,-0.9176404432917866,0.19655799639718652,left,heel,True
duck_like_multi_patch,neutral,23,0,floor,19,L_foot_contact_duck_like_multi_patch_heel,world,L_link_ankle_pitch,-0.04354793698296411,0.17457865079611265,-0.0009305480549257989,-0.0018610961098515979,2.3430608868748526,2.3430608868748526,-0.3168217003028932,0.551593316687871,left,heel,True
duck_like_multi_patch,neutral,24,0,floor,20,L_foot_contact_duck_like_multi_patch_center,world,L_link_ankle_pitch,-0.05150322843288289,0.1161171444608656,-0.0007842478834314184,-0.0015684957668628367,0.6945296069280643,0.6945296069280643,-0.285828509101605,-0.4087010978264593,left,center,True
duck_like_multi_patch,neutral,25,0,floor,20,L_foot_contact_duck_like_multi_patch_center,world,L_link_ankle_pitch,-0.015119082489154834,0.11639099279615557,-0.0013036059089675846,-0.002607211817935169,0.27741183859239027,0.27741183859239027,0.12391229797779829,-0.153499540614592,left,center,True
duck_like_multi_patch,neutral,26,0,floor,20,L_foot_contact_duck_like_multi_patch_center,world,L_link_ankle_pitch,-0.051950320134343114,0.17531543188349286,-0.0008110585086248435,-0.001622117017249687,2.414984270257245,2.414984270257245,-0.4809722743515099,0.47086117749802364,left,center,True
duck_like_multi_patch,neutral,27,0,floor,20,L_foot_contact_duck_like_multi_patch_center,world,L_link_ankle_pitch,-0.01556617419061506,0.17558928021878284,-0.0013304165341610098,-0.0026608330683220195,2.233041918494476,2.233041918494476,0.2298110702868913,0.8902931160403323,left,center,True
duck_like_multi_patch,neutral,28,0,floor,21,L_foot_contact_duck_like_multi_patch_toe,world,L_link_ankle_pitch,-0.022122075411928923,0.11713830651181617,-0.001204091671341106,-0.002408183342682212,0.2737683331303248,0.2737683331303248,0.07173732158314651,-0.20203101154717826,left,toe,True
duck_like_multi_patch,neutral,29,0,floor,21,L_foot_contact_duck_like_multi_patch_toe,world,L_link_ankle_pitch,0.00866450961737943,0.11737002433398461,-0.0016435484621793997,-0.0032870969243587993,0.33396554682646784,0.33396554682646784,0.33396554682646784,0.0,left,toe,True
duck_like_multi_patch,neutral,30,0,floor,21,L_foot_contact_duck_like_multi_patch_toe,world,L_link_ankle_pitch,-0.02255708355389022,0.17473664022031837,-0.001230177685042817,-0.002460355370085634,2.238094145473053,2.238094145473053,0.0932456139115877,0.793573281231485,left,toe,True
duck_like_multi_patch,neutral,31,0,floor,21,L_foot_contact_duck_like_multi_patch_toe,world,L_link_ankle_pitch,0.008229501475418132,0.1749683580424868,-0.0016696344758811111,-0.0033392689517622223,2.137345808177398,2.137345808177398,0.694677674759437,1.0952743458020455,left,toe,True
duck_like_multi_patch,neutral,32,0,floor,22,L_foot_contact_duck_like_multi_patch_inner,world,L_link_ankle_pitch,-0.04735339198506382,0.12254855720220698,-0.0008470722554216863,-0.0016941445108433727,0.6748301591425054,0.6748301591425054,-0.29994140770632605,-0.37488875143617933,left,inner,True
duck_like_multi_patch,neutral,33,0,floor,22,L_foot_contact_duck_like_multi_patch_inner,world,L_link_ankle_pitch,-0.016566806955755464,0.12278027502437541,-0.00128652904625998,-0.00257305809251996,0.3303205856444437,0.3303205856444437,0.17137161338762122,-0.1589489722568225,left,inner,True
duck_like_multi_patch,neutral,34,0,floor,22,L_foot_contact_duck_like_multi_patch_inner,world,L_link_ankle_pitch,-0.047498394699050914,0.1417480017717077,-0.0008557675933222567,-0.0017115351866445134,1.1366500754381617,1.1366500754381617,-0.3937655802698788,-0.15525638795679117,left,inner,True
duck_like_multi_patch,neutral,35,0,floor,22,L_foot_contact_duck_like_multi_patch_inner,world,L_link_ankle_pitch,-0.01671180966974256,0.14197971959387615,-0.0012952243841605508,-0.0025904487683211016,0.9826988547157716,0.9826988547157716,0.20766648057799422,0.19964756004060302,left,inner,True
duck_like_multi_patch,neutral,36,0,floor,23,L_foot_contact_duck_like_multi_patch_outer,world,L_link_ankle_pitch,-0.04755881249654555,0.14974777034233303,-0.0008593906507808249,-0.0017187813015616497,1.4360169436615946,1.4360169436615946,-0.3950020638981395,0.0053420783203293465,left,outer,True
duck_like_multi_patch,neutral,37,0,floor,23,L_foot_contact_duck_like_multi_patch_outer,world,L_link_ankle_pitch,-0.016772227467237194,0.14997948816450146,-0.0012988474416191186,-0.002597694883238237,1.2820657229390777,1.2820657229390777,0.2064299969497336,0.36024602631762515,left,outer,True
duck_like_multi_patch,neutral,38,0,floor,23,L_foot_contact_duck_like_multi_patch_outer,world,L_link_ankle_pitch,-0.047703815210532644,0.16894721491183376,-0.0008680859886813952,-0.0017361719773627904,2.1544974273985043,2.1544974273985043,-0.39796962460599195,0.3907783973851584,left,outer,True
duck_like_multi_patch,neutral,39,0,floor,23,L_foot_contact_duck_like_multi_patch_outer,world,L_link_ankle_pitch,-0.01691723018122429,0.1691789327340022,-0.0013075427795196893,-0.0026150855590393787,2.000546206676115,2.000546206676115,0.20346243624189508,0.7456823453824729,left,outer,True
duck_like_multi_patch,forward_pitch,0,0,floor,10,R_foot_contact_duck_like_multi_patch_toe,world,R_link_ankle_pitch,-0.04919312206895905,-0.17542639734343352,-0.00028134644033583293,-0.0005626928806716659,7.451720747390203,7.451720747390203,0.062290854214003044,3.832619526013861,right,toe,True
duck_like_multi_patch,forward_pitch,1,0,floor,10,R_foot_contact_duck_like_multi_patch_toe,world,R_link_ankle_pitch,-0.04986636485399312,-0.11783037037062483,-0.00024810076432807675,-0.0004962015286561535,3.5377509322379876,3.5377509322379876,0.0916846888636057,0.7103465392675433,right,toe,True
duck_like_multi_patch,forward_pitch,2,0,floor,21,L_foot_contact_duck_like_multi_patch_toe,world,L_link_ankle_pitch,-0.052053894273444354,0.11737012829732521,-0.00022272380469853977,-0.00044544760939707953,4.785175809982745,4.785175809982745,0.034538974902018404,1.0574549693504112,left,toe,True
duck_like_multi_patch,forward_pitch,3,0,floor,21,L_foot_contact_duck_like_multi_patch_toe,world,L_link_ankle_pitch,-0.052491341544763225,0.17496846649680267,-0.00021834934956871735,-0.0004366986991374347,5.86772867206963,5.86772867206963,0.011707560766068825,3.289899043827187,left,toe,True
duck_like_multi_patch,backward_pitch,0,0,floor,8,R_foot_contact_duck_like_multi_patch_heel,world,R_link_ankle_pitch,-0.010112115898747599,-0.17639322171527352,-0.003077614014392556,-0.006155228028785112,15.561049285556603,15.561049285556603,0.5700068284325064,4.482613035257436,right,heel,True
duck_like_multi_patch,backward_pitch,1,0,floor,8,R_foot_contact_duck_like_multi_patch_heel,world,R_link_ankle_pitch,0.020496313582652595,-0.17603153744695926,-0.0013722380168332995,-0.002744476033666599,0.0,0.0,0.0,0.0,right,heel,True
duck_like_multi_patch,backward_pitch,2,0,floor,8,R_foot_contact_duck_like_multi_patch_heel,world,R_link_ankle_pitch,-0.010779181302879262,-0.118797212231149,-0.0031382672320456623,-0.006276534464091325,19.788118403927815,19.788118403927815,0.7229446423628572,-8.838161141278377,right,heel,True
duck_like_multi_patch,backward_pitch,3,0,floor,8,R_foot_contact_duck_like_multi_patch_heel,world,R_link_ankle_pitch,0.019829248178520935,-0.11843552796283474,-0.0014328912344864064,-0.0028657824689728127,0.0,0.0,0.0,0.0,right,heel,True
duck_like_multi_patch,backward_pitch,4,0,floor,9,R_foot_contact_duck_like_multi_patch_center,world,R_link_ankle_pitch,0.012157824885004873,-0.17693012318721335,-0.0018364981558214519,-0.0036729963116429037,0.0,0.0,0.0,0.0,right,center,True
duck_like_multi_patch,backward_pitch,5,0,floor,9,R_foot_contact_duck_like_multi_patch_center,world,R_link_ankle_pitch,0.011472229886313995,-0.11773422455075204,-0.0018988361850760336,-0.003797672370152067,0.0,0.0,0.0,0.0,right,center,True
duck_like_multi_patch,backward_pitch,6,0,floor,10,R_foot_contact_duck_like_multi_patch_toe,world,R_link_ankle_pitch,0.04136569731997091,-0.17578493453674496,-0.0002094816548610795,-0.000418963309722159,0.0,0.0,0.0,0.0,right,toe,True
duck_like_multi_patch,backward_pitch,7,0,floor,10,R_foot_contact_duck_like_multi_patch_toe,world,R_link_ankle_pitch,0.040698631915839244,-0.11818892505262044,-0.0002701348725141859,-0.0005402697450283718,0.0,0.0,0.0,0.0,right,toe,True
duck_like_multi_patch,backward_pitch,8,0,floor,11,R_foot_contact_duck_like_multi_patch_inner,world,R_link_ankle_pitch,0.01625758325423169,-0.17048124599582332,-0.0016106861298329075,-0.003221372259665815,0.0,0.0,0.0,0.0,right,inner,True
duck_like_multi_patch,backward_pitch,9,0,floor,11,R_foot_contact_duck_like_multi_patch_inner,world,R_link_ankle_pitch,0.016035228119521135,-0.15128257616778182,-0.0016309038690506096,-0.0032618077381012193,0.0,0.0,0.0,0.0,right,inner,True
duck_like_multi_patch,backward_pitch,10,0,floor,12,R_foot_contact_duck_like_multi_patch_outer,world,R_link_ankle_pitch,0.015942580146725067,-0.14328313040609786,-0.001639327927057988,-0.003278655854115976,0.0,0.0,0.0,0.0,right,outer,True
duck_like_multi_patch,backward_pitch,11,0,floor,12,R_foot_contact_duck_like_multi_patch_outer,world,R_link_ankle_pitch,0.015720225012014512,-0.12408446057805636,-0.0016595456662756901,-0.0033190913325513802,0.0,0.0,0.0,0.0,right,outer,True
duck_like_multi_patch,backward_pitch,12,0,floor,19,L_foot_contact_duck_like_multi_patch_heel,world,L_link_ankle_pitch,-0.01290331855553572,0.11674860467720463,-0.003397452500260653,-0.006794905000521306,15.403338516324286,15.403338516324286,-0.9968260578500301,-8.178325753393432,left,heel,True
duck_like_multi_patch,backward_pitch,13,0,floor,19,L_foot_contact_duck_like_multi_patch_heel,world,L_link_ankle_pitch,0.017707790624485492,0.11697931739071993,-0.0016984258367968956,-0.003396851673593791,0.0,0.0,0.0,0.0,left,heel,True
duck_like_multi_patch,backward_pitch,14,0,floor,19,L_foot_contact_duck_like_multi_patch_heel,world,L_link_ankle_pitch,-0.013324957949533879,0.17434695182694956,-0.0034536348793910918,-0.0069072697587821835,21.480114896519943,21.480114896519943,-1.0847374170462087,2.9290943332200423,left,heel,True
duck_like_multi_patch,backward_pitch,15,0,floor,19,L_foot_contact_duck_like_multi_patch_heel,world,L_link_ankle_pitch,0.017286151230487337,0.17457766454046486,-0.0017546082159273346,-0.003509216431854669,0.0,0.0,0.0,0.0,left,heel,True
duck_like_multi_patch,backward_pitch,16,0,floor,20,L_foot_contact_duck_like_multi_patch_center,world,L_link_ankle_pitch,0.009365162405355947,0.11611641869783294,-0.002161016434193032,-0.004322032868386064,0.0,0.0,0.0,0.0,left,center,True
duck_like_multi_patch,backward_pitch,17,0,floor,20,L_foot_contact_duck_like_multi_patch_center,world,L_link_ankle_pitch,0.045541927799926475,0.11638907917744191,-0.0001530758319176831,-0.0003061516638353662,0.0,0.0,0.0,0.0,left,center,True
duck_like_multi_patch,backward_pitch,18,0,floor,20,L_foot_contact_duck_like_multi_patch_center,world,L_link_ankle_pitch,0.00893181080596895,0.17531471993507078,-0.002218759434965984,-0.004437518869931968,0.7708459129183765,0.7708459129183765,0.0,0.7708459129183765,left,center,True
duck_like_multi_patch,backward_pitch,19,0,floor,20,L_foot_contact_duck_like_multi_patch_center,world,L_link_ankle_pitch,0.04510857620053948,0.17558738041467975,-0.00021081883269063496,-0.00042163766538126993,0.0,0.0,0.0,0.0,left,center,True
duck_like_multi_patch,backward_pitch,20,0,floor,21,L_foot_contact_duck_like_multi_patch_toe,world,L_link_ankle_pitch,0.03857900142904541,0.11713662151357127,-0.0005399985662534242,-0.0010799971325068485,0.0,0.0,0.0,0.0,left,toe,True
duck_like_multi_patch,backward_pitch,21,0,floor,21,L_foot_contact_duck_like_multi_patch_toe,world,L_link_ankle_pitch,0.03815736203504726,0.1747349686633162,-0.0005961809453838632,-0.0011923618907677264,0.0,0.0,0.0,0.0,left,toe,True
duck_like_multi_patch,backward_pitch,22,0,floor,22,L_foot_contact_duck_like_multi_patch_inner,world,L_link_ankle_pitch,0.01349255574471258,0.12254769587237485,-0.0019355734666543839,-0.0038711469333087677,0.0,0.0,0.0,0.0,left,inner,True
duck_like_multi_patch,backward_pitch,23,0,floor,22,L_foot_contact_duck_like_multi_patch_inner,world,L_link_ankle_pitch,0.04410366492473379,0.12277840858589015,-0.0002365468031906271,-0.0004730936063812542,0.0,0.0,0.0,0.0,left,inner,True
duck_like_multi_patch,backward_pitch,24,0,floor,22,L_foot_contact_duck_like_multi_patch_inner,world,L_link_ankle_pitch,0.013352009280046526,0.14174714492228982,-0.00195430092636453,-0.00390860185272906,0.0,0.0,0.0,0.0,left,inner,True
duck_like_multi_patch,backward_pitch,25,0,floor,22,L_foot_contact_duck_like_multi_patch_inner,world,L_link_ankle_pitch,0.04396311846006774,0.14197785763580512,-0.0002552742629007734,-0.0005105485258015468,0.0,0.0,0.0,0.0,left,inner,True
duck_like_multi_patch,backward_pitch,26,0,floor,23,L_foot_contact_duck_like_multi_patch_outer,world,L_link_ankle_pitch,0.013293448253102337,0.14974691535975443,-0.0019621040345770896,-0.003924208069154179,0.0,0.0,0.0,0.0,left,outer,True
duck_like_multi_patch,backward_pitch,27,0,floor,23,L_foot_contact_duck_like_multi_patch_outer,world,L_link_ankle_pitch,0.04390455743312355,0.14997762807326973,-0.0002630773711133328,-0.0005261547422266656,0.0,0.0,0.0,0.0,left,outer,True
duck_like_multi_patch,backward_pitch,28,0,floor,23,L_foot_contact_duck_like_multi_patch_outer,world,L_link_ankle_pitch,0.013152901788436283,0.1689463644096694,-0.001980831494287236,-0.003961662988574472,0.0,0.0,0.0,0.0,left,outer,True
duck_like_multi_patch,backward_pitch,29,0,floor,23,L_foot_contact_duck_like_multi_patch_outer,world,L_link_ankle_pitch,0.0437640109684575,0.1691770771231847,-0.0002818048308234791,-0.0005636096616469582,0.0,0.0,0.0,0.0,left,outer,True
duck_like_multi_patch,left_support_roll,0,0,floor,8,R_foot_contact_duck_like_multi_patch_heel,world,R_link_ankle_pitch,-0.0710471511658917,-0.13798830717915375,-0.0071686935111785624,-0.014337387022357125,22.839457897693514,22.839457897693514,10.79096529247668,0.5702868199369222,right,heel,True
duck_like_multi_patch,left_support_roll,1,0,floor,8,R_foot_contact_duck_like_multi_patch_heel,world,R_link_ankle_pitch,-0.04026146521263223,-0.13755191099567757,-0.007584355260179543,-0.015168710520359086,14.73346752765299,14.73346752765299,2.8770013010119917,0.8261917013766915,right,heel,True
duck_like_multi_patch,left_support_roll,2,0,floor,8,R_foot_contact_duck_like_multi_patch_heel,world,R_link_ankle_pitch,-0.07172568260811653,-0.08060915356625015,-0.004672079516749121,-0.009344159033498242,0.0,0.0,0.0,0.0,right,heel,True
duck_like_multi_patch,left_support_roll,3,0,floor,8,R_foot_contact_duck_like_multi_patch_heel,world,R_link_ankle_pitch,-0.04093999665485706,-0.08017275738277395,-0.005087741265750101,-0.010175482531500203,0.0,0.0,0.0,0.0,right,heel,True
duck_like_multi_patch,left_support_roll,4,0,floor,9,R_foot_contact_duck_like_multi_patch_center,world,R_link_ankle_pitch,-0.048648137333894316,-0.13846786082569373,-0.0075056681593645355,-0.015011336318729071,21.00138219721269,21.00138219721269,5.028563683822126,0.9905476891031473,right,center,True
duck_like_multi_patch,left_support_roll,5,0,floor,9,R_foot_contact_duck_like_multi_patch_center,world,R_link_ankle_pitch,-0.012265053934587662,-0.13795211988158548,-0.007996904771820239,-0.015993809543640478,11.421575396255118,11.421575396255118,-4.324302851545233,1.2929807308046883,right,center,True
duck_like_multi_patch,left_support_roll,6,0,floor,9,R_foot_contact_duck_like_multi_patch_center,world,R_link_ankle_pitch,-0.0493455168717365,-0.07949484183465388,-0.004939703776200943,-0.009879407552401886,0.0,0.0,0.0,0.0,right,center,True
duck_like_multi_patch,left_support_roll,7,0,floor,9,R_foot_contact_duck_like_multi_patch_center,world,R_link_ankle_pitch,-0.012962433472429848,-0.07897910089054566,-0.005430940388656647,-0.010861880777313294,0.0,0.0,0.0,0.0,right,center,True
duck_like_multi_patch,left_support_roll,8,0,floor,10,R_foot_contact_duck_like_multi_patch_toe,world,R_link_ankle_pitch,-0.019271224789955316,-0.13725436814330744,-0.007867760998134757,-0.015735521996269514,9.206655911716314,9.206655911716314,-2.5188832386230002,1.0006723023583617,right,toe,True
duck_like_multi_patch,left_support_roll,9,0,floor,10,R_foot_contact_duck_like_multi_patch_toe,world,R_link_ankle_pitch,0.011514461163304157,-0.13681797195983125,-0.008283422747135737,-0.016566845494271475,6.3950449777806355,6.3950449777806355,-5.49159000046274,0.9034549773178964,right,toe,True
duck_like_multi_patch,left_support_roll,10,0,floor,10,R_foot_contact_duck_like_multi_patch_toe,world,R_link_ankle_pitch,-0.019949756232180146,-0.07987521453040382,-0.005371147003705316,-0.010742294007410632,0.0,0.0,0.0,0.0,right,toe,True
duck_like_multi_patch,left_support_roll,11,0,floor,10,R_foot_contact_duck_like_multi_patch_toe,world,R_link_ankle_pitch,0.01083592972107933,-0.07943881834692762,-0.005786808752706297,-0.011573617505412593,0.0,0.0,0.0,0.0,right,toe,True
duck_like_multi_patch,left_support_roll,12,0,floor,11,R_foot_contact_duck_like_multi_patch_inner,world,R_link_ankle_pitch,-0.04452548163182836,-0.13203289074267485,-0.007284947752018968,-0.014569895504037936,0.0,0.0,0.0,0.0,right,inner,True
duck_like_multi_patch,left_support_roll,13,0,floor,11,R_foot_contact_duck_like_multi_patch_inner,world,R_link_ankle_pitch,-0.013739795678568884,-0.13159649455919867,-0.007700609501019948,-0.015401219002039897,0.0,0.0,0.0,0.0,right,inner,True
duck_like_multi_patch,left_support_roll,14,0,floor,11,R_foot_contact_duck_like_multi_patch_inner,world,R_link_ankle_pitch,-0.04475165877923663,-0.11290650620504032,-0.0064527430872091535,-0.012905486174418307,0.0,0.0,0.0,0.0,right,inner,True
duck_like_multi_patch,left_support_roll,15,0,floor,11,R_foot_contact_duck_like_multi_patch_inner,world,R_link_ankle_pitch,-0.013965972825977162,-0.11247011002156412,-0.006868404836210134,-0.013736809672420268,0.0,0.0,0.0,0.0,right,inner,True
duck_like_multi_patch,left_support_roll,16,0,floor,12,R_foot_contact_duck_like_multi_patch_outer,world,R_link_ankle_pitch,-0.04484589925732342,-0.10493717931435925,-0.0061059911435383946,-0.012211982287076789,0.0,0.0,0.0,0.0,right,outer,True
duck_like_multi_patch,left_support_roll,17,0,floor,12,R_foot_contact_duck_like_multi_patch_outer,world,R_link_ankle_pitch,-0.014060213304063943,-0.10450078313088307,-0.006521652892539375,-0.01304330578507875,0.0,0.0,0.0,0.0,right,outer,True
duck_like_multi_patch,left_support_roll,18,0,floor,12,R_foot_contact_duck_like_multi_patch_outer,world,R_link_ankle_pitch,-0.045072076404731695,-0.08581079477672472,-0.00527378647872858,-0.01054757295745716,0.0,0.0,0.0,0.0,right,outer,True
duck_like_multi_patch,left_support_roll,19,0,floor,12,R_foot_contact_duck_like_multi_patch_outer,world,R_link_ankle_pitch,-0.01428639045147222,-0.08537439859324852,-0.005689448227729561,-0.011378896455459121,0.0,0.0,0.0,0.0,right,outer,True
duck_like_multi_patch,right_support_roll,0,0,floor,19,L_foot_contact_duck_like_multi_patch_heel,world,L_link_ankle_pitch,-0.0739011809337733,0.0785480200394755,-0.004701232468384603,-0.009402464936769207,0.0,0.0,0.0,0.0,left,heel,True
duck_like_multi_patch,right_support_roll,1,0,floor,19,L_foot_contact_duck_like_multi_patch_heel,world,L_link_ankle_pitch,-0.04311456649851209,0.07870079676794858,-0.005148734112460546,-0.010297468224921093,0.0,0.0,0.0,0.0,left,heel,True
duck_like_multi_patch,right_support_roll,2,0,floor,19,L_foot_contact_duck_like_multi_patch_heel,world,L_link_ankle_pitch,-0.07433338019128255,0.13592254974304088,-0.00723779239752584,-0.01447558479505168,22.493669009611317,22.493669009611317,-9.324212822110884,0.2302466086245598,left,heel,True
duck_like_multi_patch,right_support_roll,3,0,floor,19,L_foot_contact_duck_like_multi_patch_heel,world,L_link_ankle_pitch,-0.043546765756021344,0.13607532647151396,-0.007685294041601783,-0.015370588083203567,14.796589708131586,14.796589708131586,-2.6080468396032566,0.6816991630853142,left,heel,True
duck_like_multi_patch,right_support_roll,4,0,floor,20,L_foot_contact_duck_like_multi_patch_center,world,L_link_ankle_pitch,-0.05150491312248156,0.07786226191935085,-0.004991458210514886,-0.009982916421029771,0.0,0.0,0.0,0.0,left,center,True
duck_like_multi_patch,right_support_roll,5,0,floor,20,L_foot_contact_duck_like_multi_patch_center,world,L_link_ankle_pitch,-0.015120732426263765,0.07804281623481903,-0.005520323789877364,-0.011040647579754728,0.0,0.0,0.0,0.0,left,center,True
duck_like_multi_patch,right_support_roll,6,0,floor,20,L_foot_contact_duck_like_multi_patch_center,world,L_link_ankle_pitch,-0.05194911791492162,0.1368305285591264,-0.0075984781376878235,-0.015196956275375647,20.99405382063231,20.99405382063231,-4.437407977372592,0.7641589585319766,left,center,True
duck_like_multi_patch,right_support_roll,7,0,floor,20,L_foot_contact_duck_like_multi_patch_center,world,L_link_ankle_pitch,-0.015564937218703827,0.13701108287459457,-0.008127343717050301,-0.016254687434100603,11.897505555246951,11.897505555246951,3.4998790928634094,1.2976937956223473,left,center,True
duck_like_multi_patch,right_support_roll,8,0,floor,21,L_foot_contact_duck_like_multi_patch_toe,world,L_link_ankle_pitch,-0.022123693019924902,0.07880496271918022,-0.0054538488697850485,-0.010907697739570097,0.0,0.0,0.0,0.0,left,toe,True
duck_like_multi_patch,right_support_roll,9,0,floor,21,L_foot_contact_duck_like_multi_patch_toe,world,L_link_ankle_pitch,0.00866292141533631,0.0789577394476533,-0.005901350513860992,-0.011802701027721983,0.0,0.0,0.0,0.0,left,toe,True
duck_like_multi_patch,right_support_roll,10,0,floor,21,L_foot_contact_duck_like_multi_patch_toe,world,L_link_ankle_pitch,-0.022555892277434153,0.1361794924227456,-0.007990408798926285,-0.01598081759785257,9.548581093485076,9.548581093485076,1.971157239379045,0.9895077229456617,left,toe,True
duck_like_multi_patch,right_support_roll,11,0,floor,21,L_foot_contact_duck_like_multi_patch_toe,world,L_link_ankle_pitch,0.008230722157827062,0.13633226915121868,-0.008437910443002229,-0.016875820886004457,5.989892645649161,5.989892645649161,4.806537058944577,1.1833555867045842,left,toe,True
duck_like_multi_patch,right_support_roll,12,0,floor,22,L_foot_contact_duck_like_multi_patch_inner,world,L_link_ankle_pitch,-0.04735476056648738,0.08425804285443779,-0.0053343211541065924,-0.010668642308213185,0.0,0.0,0.0,0.0,left,inner,True
duck_like_multi_patch,right_support_roll,13,0,floor,22,L_foot_contact_duck_like_multi_patch_inner,world,L_link_ankle_pitch,-0.016568146131226168,0.08441081958291086,-0.0057818227981825355,-0.011563645596365071,0.0,0.0,0.0,0.0,left,inner,True
duck_like_multi_patch,right_support_roll,14,0,floor,22,L_foot_contact_duck_like_multi_patch_inner,world,L_link_ankle_pitch,-0.04749882698565713,0.10338288608895958,-0.006179841130487005,-0.01235968226097401,0.0,0.0,0.0,0.0,left,inner,True
duck_like_multi_patch,right_support_roll,15,0,floor,22,L_foot_contact_duck_like_multi_patch_inner,world,L_link_ankle_pitch,-0.016712212550395917,0.10353566281743265,-0.006627342774562948,-0.013254685549125896,0.0,0.0,0.0,0.0,left,inner,True
duck_like_multi_patch,right_support_roll,16,0,floor,23,L_foot_contact_duck_like_multi_patch_outer,world,L_link_ankle_pitch,-0.04755885466031119,0.11135157077001033,-0.006532141120645507,-0.013064282241291013,0.0,0.0,0.0,0.0,left,outer,True
duck_like_multi_patch,right_support_roll,17,0,floor,23,L_foot_contact_duck_like_multi_patch_outer,world,L_link_ankle_pitch,-0.01677224022504998,0.1115043474984834,-0.00697964276472145,-0.0139592855294429,0.0,0.0,0.0,0.0,left,outer,True
duck_like_multi_patch,right_support_roll,18,0,floor,23,L_foot_contact_duck_like_multi_patch_outer,world,L_link_ankle_pitch,-0.047702921079480945,0.1304764140045321,-0.007377661097025919,-0.014755322194051838,0.0,0.0,0.0,0.0,left,outer,True
duck_like_multi_patch,right_support_roll,19,0,floor,23,L_foot_contact_duck_like_multi_patch_outer,world,L_link_ankle_pitch,-0.01691630664421973,0.1306291907330052,-0.007825162741101862,-0.015650325482203725,0.0,0.0,0.0,0.0,left,outer,True
